contig ID,Seq Coverage
tig00000631,530.431266846361
tig00000105,179.243207214189
tig00000498,166.135377317052
tig00003955,159.328832116788
tig00000392,147.940674169265
